Date,06EAP-138,06LAA-138,06RRD-138,07IVY-230,07OMS-230,09LBR-230
1/29/2016,680.5354167,676.4579167,551.5545833,329.1729167,362.12625,731.1979167
1/30/2016,584.2266667,589.95,580.6979167,359.0395833,610.2683333,738.2966667
1/31/2016,469.8254167,473.51375,451.5379167,423.6416667,566.93875,545.6616667
2/1/2016,560.3391667,564.7966667,562.4858333,382.1279167,387.2954167,619.0016667
2/2/2016,635.36375,640.0222917,646.7983333,362.87375,377.7270833,755.0329167
2/3/2016,613.98125,618.5633333,625.985,340.2583333,350.4983333,769.72625
2/4/2016,561.0791667,564.998125,561.8875,344.1079167,355.7395833,654.1554167
2/5/2016,579.3058333,584.3466667,578.25625,344.92375,355.2420833,679.78
2/6/2016,551.26875,555.3216667,550.975,317.2933333,324.2170833,642.29875
2/7/2016,504.41125,508.825,494.5533333,327.8145833,340.86375,564.54375
2/8/2016,577.0383333,580.4079167,568.7775,326.1533333,337.6670833,613.0545833
2/9/2016,582.6833333,587.93375,582.4604167,325.88375,336.3275,700.6795833
2/10/2016,567.7629167,575.0277083,569.3304167,332.2341667,343.1454167,677.3808333
2/11/2016,604.8991667,611.9297917,604.1395833,328.6633333,338.8691667,694.7316667
2/12/2016,599.30875,608.6175,600.6191667,379.2495833,398.49,681.19375
2/13/2016,515.3470833,519.578125,517.0241667,374.39125,391.2466667,598.01875
2/14/2016,508.4283333,513.2741667,508.90375,370.6620833,386.15125,576.7329167
2/15/2016,637.785,643.2822917,639.4504167,371.95875,388.8045833,722.19
2/16/2016,626.3904167,631.63625,632.4220833,373.20875,391.30625,709.85125
2/17/2016,648.8845833,653.9654167,658.3708333,357.9479167,368.3845833,730.8483333
2/18/2016,626.9083333,632.6752083,636.53875,345.0658333,357.25125,720.4216667
2/19/2016,644.6929167,651.3579167,655.4525,339.3775,349.9083333,732.8291667
2/20/2016,570.9475,576.3504167,576.4245833,341.1829167,354.7791667,624.08125
2/21/2016,499.4704167,503.3004167,496.6816667,336.8083333,349.7008333,615.0245833
2/22/2016,649.3795833,655.0491667,655.6566667,378.7741667,396.8720833,705.2729167
2/23/2016,684.7216667,691.3222917,689.0075,389.7125,408.4879167,782.2445833
2/24/2016,689.89125,696.1160417,686.2216667,405.7604167,424.035,788.76125
2/25/2016,642.6425,646.7779167,632.135,347.685,360.6258333,762.8229167
2/26/2016,754.7891667,761.1289583,765.8416667,347.1079167,357.1454167,881.2533333
2/27/2016,572.4179167,576.6691667,573.9641667,334.8533333,348.8929167,637.9691667
2/28/2016,481.1916667,484.588125,480.1004167,332.4825,344.78375,536.1383333
2/29/2016,649.5416667,654.7004167,652.7583333,401.91875,425.3266667,648.74875
3/1/2016,605.9595833,610.930625,607.0995833,356.4054167,371.5129167,652.5975
3/2/2016,621.7629167,629.0670833,605.7766667,332.0295833,343.275,667.35875
3/3/2016,576.2158333,575.9597917,491.4625,383.0341667,396.2670833,655.0491667
3/4/2016,640.49,642.2304167,588.3195833,320.3620833,328.1,738.9691667
3/5/2016,504.9591667,509.9445833,501.8675,341.0166667,346.6308333,587.38125
3/6/2016,442.7425,446.9908333,428.9983333,337.455,342.7858333,557.1845833
3/7/2016,574.5979167,579.8347917,560.3145833,357.2508333,362.4779167,617.2083333
3/8/2016,575.8675,581.4614583,561.3070833,392.1970833,396.5383333,605.6004167
3/9/2016,570.26375,576.4325,554.6283333,391.5225,395.5520833,599.45375
3/10/2016,573.6420833,578.99,558.7466667,378.2029167,378.37875,634.33375
3/11/2016,578.95,583.6160417,560.8929167,419.1483333,422.6304167,643.275
3/12/2016,591.1491667,596.12,574.52,392.4091667,399.5116667,659.0270833
3/13/2016,515.4995833,520.4552083,505.6920833,361.1330435,367.1273913,663.2054167
3/14/2016,618.4075,625.0197917,615.3075,312.1329167,321.6233333,704.86125
3/15/2016,603.3233333,610.0816667,608.1945833,311.5629167,320.79,718.83625
3/16/2016,554.1208333,560.7654167,557.16125,323.695,332.9279167,618.81375
3/17/2016,612.7058333,620.2452083,619.6445833,333.9679167,343.4408333,711.40875
3/18/2016,630.6920833,637.9472917,642.6979167,321.14125,328.48625,852.2429167
3/19/2016,511.7170833,516.803125,511.8491667,332.7616667,341.7433333,609.6633333
3/20/2016,480.02125,481.3789583,432.7258333,320.6183333,325.8891667,615.8925
3/21/2016,558.2408333,561.7429167,560.1541667,320.485,328.1779167,658.7870833
3/22/2016,526.8466667,529.6789583,517.20625,322.4870833,328.7108333,563.5258333
3/23/2016,539.2333333,543.5691667,537.8016667,322.3191667,329.2308333,562.1991667
3/24/2016,723.7,729.8516667,744.3083333,319.9108333,327.3558333,861.0345833
3/25/2016,500.37,504.454375,496.0008333,307.5704167,314.9816667,584.0991667
3/26/2016,438.9758333,436.67,357.65,300.4983333,311.1491667,714.9404167
3/27/2016,387.5208333,390.0441667,372.1725,300.0079167,309.4225,695.0795833
3/28/2016,585.4925,590.0875,590.60375,300.9516667,308.0120833,805.1083333
3/29/2016,573.035,577.6425,571.3991667,300.2558333,308.6041667,643.9745833
3/30/2016,621.4145833,627.1658333,625.7916667,307.99125,315.68875,707.4583333
3/31/2016,631.3179167,637.7533333,639.49375,317.2325,324.88375,766.2325
4/1/2016,612.6620833,619.6477083,607.575,367.92,375.3004167,648.805
4/2/2016,559.7679167,564.7597917,556.9579167,319.69375,325.5766667,610.3829167
4/3/2016,486.0432609,490.1263043,480.1280435,301.9883333,307.60125,556.1408696
4/4/2016,553.6854167,559.6625,552.7279167,335.6391667,342.9179167,596.0366667
4/5/2016,607.0816667,613.394375,597.9525,342.9104167,349.37125,611.91625
4/6/2016,607.27875,613.9072917,601.5791667,314.6404167,323.4608333,609.0245833
4/7/2016,632.49625,639.7510417,629.3145833,310.9858333,318.23875,611.08
4/8/2016,638.4116667,645.89375,639.0658333,315.33625,321.9608333,643.9658333
4/9/2016,619.3695833,625.5314583,615.1170833,317.6929167,325.19,630.7570833
4/10/2016,572.4329167,578.1920833,570.5220833,307.26125,310.92625,625.8495833
4/11/2016,785.3170833,793.51625,795.8316667,316.6979167,326.53375,837.38375
4/12/2016,637.75375,645.5272917,635.5483333,317.2854167,327.2125,695.6308333
4/13/2016,677.065,685.52375,672.0454167,309.3345833,316.61125,702.6929167
4/14/2016,633.0641667,639.0185417,629.9766667,337.87375,346.4745833,657.3808333
4/15/2016,809.3891667,816.97125,806.0904167,329.5429167,335.755,885.5683333
4/16/2016,693.1758333,701.0791667,686.4683333,327.9445833,336.205,768.0975
4/17/2016,568.7070833,575.3741667,569.3845833,306.4491667,311.0079167,644.8779167
4/18/2016,704.0595833,713.324375,709.7829167,322.9975,331.8454167,760.4483333
4/19/2016,660.9991667,668.6016667,664.4845833,341.2604167,351.9333333,693.7020833
4/20/2016,705.4770833,713.1685417,706.88,372.1329167,381.2208333,726.4070833
4/21/2016,655.54625,662.4077083,666.0391667,372.6095833,380.4325,698.6683333
4/22/2016,640.0941667,647.0804167,654.1291667,386.395,394.605,664.74375
4/23/2016,641.0979167,646.7091667,647.5108333,333.9433333,342.2120833,683.6125
4/24/2016,591.7570833,597.2347917,601.8170833,320.4745833,325.7570833,708.8654167
4/25/2016,667.2316667,675.345625,688.5970833,333.6070833,341.5916667,710.7575
4/26/2016,683.06875,692.2785417,710.0708333,342.1325,351.30875,797.6558333
4/27/2016,700.3408333,709.4770833,710.8579167,343.28625,351.08625,752.0491667
4/28/2016,667.4754167,675.4814583,675.8245833,326.59,335.41125,635.3658333
4/29/2016,738.3425,746.9904167,749.2391667,332.20625,341.91625,755.8179167
4/30/2016,684.3020833,699.1125,681.935,330.7929167,340.1904167,699.3716667
5/1/2016,663.09875,682.5770833,667.5491667,303.1054167,311.1070833,774.3741667
5/2/2016,775.1079167,785.4970833,804.1175,304.4429167,313.3491667,897.9325
5/3/2016,775.16375,785.155625,789.47375,339.7475,349.8708333,850.25625
5/4/2016,685.0391667,692.0558333,694.64625,322.4275,330.59625,794.87875
5/5/2016,747.57625,754.9297917,748.08125,333.26625,343.1045833,835.4566667
5/6/2016,733.7316667,742.1504167,731.0795833,336.04375,346.9483333,789.02625
5/7/2016,705.46375,712.265,710.755,333.5066667,341.3816667,783.6295833
5/8/2016,620.0433333,623.9820833,617.42125,333.2204167,340.9191667,712.2666667
5/9/2016,718.4766667,726.778125,739.14,299.1308333,307.6933333,834.96625
5/10/2016,701.0229167,709.2997917,718.3254167,335.0258333,344.6020833,822.59125
5/11/2016,777.8075,786.6716667,804.10625,344.5208333,352.2970833,888.1029167
5/12/2016,767.88625,771.1666667,797.9791667,425.5595833,434.1033333,885.99125
5/13/2016,747.88125,752.7560417,753.1010417,500.21,512.3291667,815.3695833
5/14/2016,658.8195833,665.7458333,673.6758333,467.8108333,472.1404167,732.4104167
5/15/2016,608.8666667,613.6941667,610.7991667,423.5104167,431.2758333,656.81375
5/16/2016,552.8666667,554.184375,556.47625,425.3425,435.3366667,570.9891667
5/17/2016,705.7379167,706.3770833,708.300625,404.64125,414.8691667,799.33625
5/18/2016,765.66625,771.4914583,790.0191667,431.8408333,437.7320833,867.83625
5/19/2016,690.3110417,692.175,700.8554167,440.4025,447.5879167,828.8004167
5/20/2016,729.4675,729.789375,665.8689583,443.5191667,452.2641667,888.9995833
5/21/2016,731.6291667,738.18,751.525,303.6225,310.3016667,882.2320833
5/22/2016,625.39,631.3627083,628.7325,291.3620833,296.98,731.16
5/23/2016,1165.961667,1174.91875,1174.641458,294.7325,301.5283333,1254.201667
5/24/2016,1175.635417,1181.416875,1181.98,305.2833333,312.6758333,1618.952917
5/25/2016,2328.857083,2348.83625,2366.441042,334.3191667,340.9141667,3344.6075
5/26/2016,2245.140833,2255.392083,2293.843542,329.705,334.5820833,3176.54875
5/27/2016,961.1308333,965.750625,977.9220833,309.6816667,314.5704167,1234.910417
5/28/2016,779.5710417,792.65875,790.0714583,324.51375,326.11375,1031.034167
5/29/2016,679.0166667,695.1866667,669.2416667,339.9570833,342.7775,942.0070833
5/30/2016,974.8510417,984.1314583,968.5260417,387.8420833,388.9441667,1281.744167
5/31/2016,816.4958333,821.7916667,805.455,417.99,419.26625,1084.706667
6/1/2016,756.776875,756.3477083,763.085,471.0829167,463.41,995.8545833
6/2/2016,792.8147917,791.3508333,801.7366667,572.3016667,558.83875,1031.605
6/3/2016,848.238125,847.1822917,854.59875,582.08375,567.6883333,1096.455
6/4/2016,838.1041667,847.10875,839.67625,654.53,636.8425,926.9295833
6/5/2016,647.8329167,656.5960417,647.82875,645.2220833,624.4108333,932.9645833
6/6/2016,764.100625,765.801875,767.8570833,667.5066667,650.2183333,848.05625
6/7/2016,779.0858333,781.6227083,782.4416667,665.04875,655.1691667,825.30625
6/8/2016,817.0716667,819.7075,821.97875,643.3170833,641.7566667,879.4679167
6/9/2016,873.6827083,875.725,874.265,618.2041667,619.8166667,881.9058333
6/10/2016,902.143125,902.7904167,897.8391667,589.5,590.975,982.2233333
6/11/2016,893.3347917,894.6754167,903.1404167,542.4879167,545.69,874.5754167
6/12/2016,784.1858333,794.5745833,791.0391667,510.6429167,498.8854167,876.5329167
6/13/2016,953.1297917,955.3452083,953.4116667,573.8270833,559.7066667,967.95625
6/14/2016,969.24625,972.8691667,967.8416667,561.0604167,565.5383333,977.2833333
6/15/2016,1062.539792,1066.685417,1054.976042,606.7504167,607.7179167,1083.352917
6/16/2016,944.9025,949.310625,938.8814583,635.30875,629.2995833,946.35
6/17/2016,955.6375,962.3245833,945.9502083,705.0991667,702.8670833,943.82125
6/18/2016,997.9216667,1002.482917,1008.06125,693.0225,694.6179167,1040.624167
6/19/2016,751.8654167,761.821875,754.97625,650.2195833,630.64625,808.2366667
6/20/2016,822.9329167,829.6358333,826.8108333,731.49375,710.0175,880.3308333
6/21/2016,955.05375,960.2872917,953.8691667,814.2925,789.17375,892.2066667
6/22/2016,838.8616667,841.1397917,836.2516667,804.94875,775.8079167,786.5908333
6/23/2016,1070.038125,1071.853542,986.5083333,787.6254167,765.45375,837.0616667
6/24/2016,1309.5875,1306.848125,1264.32875,753.4029167,735.2154167,1187.126667
6/25/2016,892.570625,892.6597917,890.0454167,698.56,683.6895833,889.0391667
6/26/2016,617.0766667,624.45,625.10125,688.0683333,666.4479167,685.845
6/27/2016,790.7089583,796.2579167,788.515,730.8620833,711.7,832.1945833
6/28/2016,799.1179167,804.5685417,798.369375,788.9945833,765.7383333,843.3325
6/29/2016,887.918125,892.8258333,885.5277083,819.0804167,798.4608333,878.4441667
6/30/2016,996.6195833,997.9733333,1000.336458,799.8408333,772.3841667,949.8725
7/1/2016,990.1539583,994.1427083,982.5060417,905.6525,877.1329167,978.73375
7/2/2016,981.5933333,984.0977083,971.1314583,862.4270833,835.54875,1029.383333
7/3/2016,834.3035417,844.8522917,832.9025,831.1283333,821.345,916.9275
7/4/2016,934.72625,940.29625,931.8979167,774.6429167,771.4433333,1012.5325
7/5/2016,1021.277083,1027.248333,1007.996458,830.0458333,809.1525,1047.024167
7/6/2016,1055.97,1058.737917,1034.272917,852.5204167,824.4695833,1044.93625
7/7/2016,1069.323333,1071.663542,1041.079792,893.1279167,869.3141667,1053.717917
7/8/2016,1027.37125,1030.132083,1007.435208,845.8425,823.5508333,983.7145833
7/9/2016,936.8039583,939.7883333,919.7035417,804.23125,781.4191667,1065.134583
7/10/2016,801.4422917,813.6304167,801.0125,639.2733333,630.5875,962.09
7/11/2016,971.3258333,974.5454167,962.6439583,659.3558333,651.1475,1066.010833
7/12/2016,977.0022917,980.0479167,972.336875,690.5079167,683.6070833,1041.610833
7/13/2016,1026.639167,1029.445833,1002.781458,764.22125,750.86375,993.50625
7/14/2016,872.0670833,875.3177083,860.8975,774.0108333,757.9645833,883.56375
7/15/2016,945.7820833,948.0854167,922.65125,807.1041667,798.21625,907.3758333
7/16/2016,908.2764583,913.6627083,904.22625,667.3595833,659.9320833,951.32125
7/17/2016,688.054375,697.29875,690.7008333,773.87125,747.31,733.05125
7/18/2016,962.2189583,966.5202083,959.025625,704.9941667,691.65125,843.9283333
7/19/2016,959.6291667,964.4458333,955.2958333,746.3933333,732.50625,896.3516667
7/20/2016,1564.533542,1567.179583,1575.160833,792.0354167,777.2116667,957.3175
7/21/2016,1048.076875,1051.355833,1041.127083,821.3591667,806.0570833,870.7616667
7/22/2016,1783.44875,1787.251458,1748.100625,815.1933333,796.7641667,977.525
7/23/2016,901.5302083,910.8210417,907.7833333,848.5195833,824.6620833,891.9583333
7/24/2016,892.6554167,903.1804167,900.7508333,791.2208333,771.01,963.4704167
7/25/2016,2877.528958,2882.403958,2889.369167,767.8004167,756.7033333,978.0966667
7/26/2016,2252.72125,2258.633542,2270.662917,842.8204167,825.025,1113.722083
7/27/2016,1183.500208,1192.502292,1202.504583,875.30375,852.5041667,1060.60875
7/28/2016,1483.780625,1492.623333,1497.895,890.3025,870.3420833,1237.692083
7/29/2016,1065.4875,1073.133542,1075.909375,918.7091667,892.0729167,1052.412917
7/30/2016,967.4202083,974.1308333,983.719375,826.0620833,807.7058333,1029.830417
7/31/2016,670.579375,676.78375,678.4058333,682.61375,677.6683333,733.7841667
8/1/2016,870.06,880.1497917,885.18375,764.47,753.0583333,833.5404167
8/2/2016,825.4627083,834.1335417,835.9197917,827.67625,813.585,745.1283333
8/3/2016,958.5739583,967.2108333,981.7422917,844.93125,831.4920833,741.6820833
8/4/2016,973.1195833,980.8347917,985.569375,797.7779167,785.6295833,744.2929167
8/5/2016,992.4454167,998.8589583,998.1879167,822.1833333,810.3729167,825.1366667
8/6/2016,922.0189583,928.04875,947.201875,718.2508333,707.0295833,933.46375
8/7/2016,739.66,742.3195833,754.19625,672.22125,660.0891667,780.0554167
8/8/2016,2195.988125,2182.730417,2209.557292,751.0195833,737.2416667,1034.017917
8/9/2016,1625.809375,1639.274167,1658.096042,805.5091667,791.4725,1507.965833
8/10/2016,995.44875,1001.744167,1002.601458,776.5058333,766.0054167,928.8479167
8/11/2016,947.7470833,952.9389583,939.105625,808.70625,794.4341667,901.9279167
8/12/2016,1000.518542,1007.15625,985.9279167,794.7391667,779.3383333,983.1016667
8/13/2016,795.1022917,800.8402083,791.8604167,769.7591667,755.2245833,806.3991667
8/14/2016,582.9525,588.3091667,583.2735417,723.8675,708.49875,598.8804167
8/15/2016,859.1947917,865.263125,867.8170833,816.2179167,801.5058333,850.305
8/16/2016,850.8810417,853.4054167,847.60875,850.6370833,829.5183333,832.9408333
8/17/2016,852.21125,852.2775,859.5054167,884.53,865.3429167,841.78375
8/18/2016,903.0825,903.5352083,921.484375,815.1770833,796.0604167,1016.775
8/19/2016,891.2904167,893.2070833,903.9654167,834.0195833,815.7675,948.0004167
8/20/2016,862.6435417,866.598125,856.0016667,762.92375,747.2266667,946.3695833
8/21/2016,622.6222917,628.5277083,629.008125,679.19625,664.7175,707.4266667
8/22/2016,976.1570833,981.5439583,984.5622917,714.5891667,700.69,936.77875
8/23/2016,997.9470833,1000.992292,980.8458333,801.0541667,786.8,976.7041667
8/24/2016,917.3370833,920.6264583,905.8016667,710.5470833,893.3316667,897.4333333
8/25/2016,1013.346667,1017.140417,1010.517083,750.0654167,743.8241667,982.5775
8/26/2016,1023.318333,1027.839583,1015.400208,774.9558333,767.6233333,1047.970833
8/27/2016,1000.582917,1003.523958,985.2347917,689.1041667,675.4545833,1047.854583
8/28/2016,598.6547917,603.1929167,602.7039583,602.9295833,597.66125,661.6204167
8/29/2016,812.9014583,817.951875,813.60375,724.4783333,712.0379167,905.165
8/30/2016,941.33,945.1097917,938.4472917,758.4016667,747.9058333,1074.875417
8/31/2016,958.4616667,963.2314583,959.6710417,836.8166667,823.7558333,1157.251667
9/1/2016,992.1141667,877.06625,876.19375,822.5675,808.8004167,1145.970417
9/2/2016,852.7595833,857.484375,851.168125,810.8304167,796.9125,1038.832917
9/3/2016,946.7591667,949.92125,945.8216667,703.7041667,696.9741667,1138.64875
9/4/2016,629.3454167,632.74625,638.8502083,572.4729167,572.9983333,795.5933333
9/5/2016,910.7641667,915.5352083,898.4302083,658.8791667,655.4875,1153.919583
9/6/2016,902.605625,906.734375,887.5554167,689.2783333,691.7058333,1040.649167
9/7/2016,981.87875,985.6035417,955.3064583,642.1525,647.82625,1048.685
9/8/2016,955.6308333,962.6075,937.4983333,687.35375,685.2925,1044.008333
9/9/2016,1125.145625,1132.899583,1109.419167,728.7329167,721.0329167,1219.71625
9/10/2016,1179.323542,1186.403125,1158.666042,780.0108333,777.2929167,1282.580417
9/11/2016,684.59125,689.526875,683.3095833,695.0841667,694.7691667,709.945
9/12/2016,976.8135417,981.8864583,974.9575,664.4041667,658.90375,1040.235
9/13/2016,1180.240625,1186.14625,1178.083125,652.5808333,660.33375,1246.815417
9/14/2016,1212.929792,1221.373125,1097.402917,621.1204167,627.40875,1279.0325
9/15/2016,1182.650833,1189.432917,1185.360417,571.2291667,581.3379167,1336.775833
9/16/2016,989.4102083,997.8289583,981.20875,533.9783333,539.91875,1116.148333
9/17/2016,1030.870833,1037.834375,1017.61,495.6470833,501.7433333,1274.862083
9/18/2016,732.3127083,738.6385417,726.3991667,486.3179167,483.3720833,836.6041667
9/19/2016,1009.665,1015.942083,1002.689583,633.62375,639.4441667,1093.176667
9/20/2016,1096.161667,1105.903125,1097.732083,538.70625,554.6145833,1223.738333
9/21/2016,1166.21,1173.128125,1165.424792,559.8754167,573.2425,1232.09375
9/22/2016,1442.874583,1452.172083,1420.632917,605.7491667,617.2329167,1506.246667
9/23/2016,1351.090417,1361.412917,1324.171667,784.1779167,795.18875,1483.359167
9/24/2016,1193.961875,1202.659167,1166.67875,680.8208333,694.5091667,1372.655833
9/25/2016,949.578125,958.03625,933.1302083,550.1816667,560.6375,1136.682083
9/26/2016,1113.000625,1121.842083,1100.01875,698.5920833,710.3783333,1364.393333
9/27/2016,1089.911042,1093.148542,1073.788542,648.7266667,666.40625,1352.20125
9/28/2016,1021.573333,1024.529792,1034.338542,713.0529167,726.605,1162.3175
9/29/2016,1077.935417,1078.560625,1100.095,714.8625,727.2091667,1146.017083
9/30/2016,1082.762083,1085.144375,1101.543958,720.9591667,730.4641667,1139.892917
10/1/2016,839.399375,848.761875,861.0395833,728.3008333,726.96125,1050.142917
10/2/2016,475.9679167,480.6670833,482.9745833,638.2333333,639.1804167,579.15
10/3/2016,905.3502083,915.2558333,923.0189583,647.6283333,655.785,1091.36875
10/4/2016,1216.398333,1231.694375,1245.567917,602.945,608.8704167,1653.835
10/5/2016,1082.28,1095.627708,1108.895625,588.7983333,607.9083333,1415.702083
10/6/2016,1157.445208,1167.43125,1185.667708,595.17125,605.165,1381.43375
10/7/2016,1210.015208,1221.835208,1236.816458,713.8941667,732.9875,1383.804167
10/8/2016,938.3797917,947.75,951.1770833,681.2670833,694.5233333,1077.867917
10/9/2016,618.50375,625.2279167,626.4516667,645.06625,655.555,740.5970833
10/10/2016,1040.695,1049.269167,1066.0625,657.2045833,668.9458333,1139.521667
10/11/2016,1048.785208,1056.850208,1068.640625,667.1966667,677.3420833,1198.819583
10/12/2016,992.5791667,1001.956042,1001.513333,669.6908333,681.7754167,1101.91625
10/13/2016,1022.119792,1037.2125,1038.391667,720.1233333,728.7545833,1164.07
10/14/2016,1082.214167,1089.264375,1086.028125,584.25125,591.85875,1224.687917
10/15/2016,1048.878542,1056.688542,1048.252708,644.7470833,658.6158333,1255.236667
10/16/2016,627.4170833,632.4014583,633.1845833,570.0479167,580.4479167,751.9954167
10/17/2016,1153.421458,1162.397083,1175.303542,640.6066667,666.4266667,1277.26625
10/18/2016,1143.449792,1154.5175,1167.701458,606.335,626.99375,1269.68
10/19/2016,1026.906042,1035.892292,1036.35875,687.9158333,714.8308333,1137.109167
10/20/2016,1071.2525,1080.336875,1078.208958,673.5866667,701.6220833,1250.1375
10/21/2016,814.34875,820.855625,804.8289583,702.68875,716.9045833,943.0391667
10/22/2016,671.8245833,673.7297917,666.9095833,618.56,630.3904167,801.8295833
10/23/2016,506.5970833,509.8470833,502.0997917,642.245,651.3604167,638.3433333
10/24/2016,681.020625,686.1783333,675.6352083,631.7633333,642.5954167,773.8066667
10/25/2016,703.115,708.8125,699.01875,629.51875,642.125,816.8808333
10/26/2016,711.501875,717.021875,705.416875,735.4016667,756.7216667,809.22125
10/27/2016,843.73375,851.6604167,845.4975,636.74625,660.9304167,963.7604167
10/28/2016,951.0239583,961.0675,958.2745833,646.5095833,659.7654167,1045.513333
10/29/2016,525.0575,530.7404167,523.0583333,587.5929167,600.1608333,653.7416667
10/30/2016,402.8468,407.2044,404.8656,477.1,486.6658333,532.584
10/31/2016,886.01125,897.4952083,890.6583333,577.2929167,592.64375,944.0316667
11/1/2016,641.6308333,650.0429167,643.6291667,574.6225,590.05,714.9875
11/2/2016,489.4258333,495.9385417,480.4245833,515.5129167,531.52,546.6725
11/3/2016,653.4016667,662.8766667,646.2310417,495.2933333,509.75375,761.3070833
11/4/2016,647.9145833,656.0375,633.5616667,453.2629167,469.77125,755.8445833
11/5/2016,547.4216667,554.508125,549.0808333,421.4479167,436.8979167,651.0008333
11/6/2016,404.54625,408.6720833,408.8095833,426.4328,436.4852,515.3816667
11/7/2016,891.5904167,902.5989583,903.49,492.7416667,506.9954167,1047.219167
11/8/2016,843.391875,854.4641667,852.5170833,531.42625,547.4733333,978.87375
11/9/2016,713.6227083,720.798125,677.1310417,525.6316667,542.8925,875.16625
11/10/2016,697.2658333,703.48375,662.7416667,530.6675,548.4020833,846.1079167
11/11/2016,680.6583333,684.2366667,618.7952083,546.82375,564.675,810.8316667
11/12/2016,503.11,506.0322917,470.955,529.8516667,539.3533333,672.0191667
11/13/2016,351.1866667,354.0233333,341.8958333,517.365,525.1395833,436.9775
11/14/2016,501.1675,505.8614583,488.0708333,767.525,777.01875,596.3879167
11/15/2016,513.1408333,517.7295833,502.6270833,480.0808333,484.7316667,608.52125
11/16/2016,540.83125,545.9214583,522.5645833,572.62,580.92,667.8466667
11/17/2016,552.2429167,554.6285417,505.3804167,466.8075,473.585,689.0804167
11/18/2016,587.2766667,593.8327083,588.9041667,579.34125,588.2204167,727.7179167
11/19/2016,553.98625,554.8964583,521.38875,418.5808333,423.4045833,638.1733333
11/20/2016,424.5241667,425.1235417,401.6904167,519.11125,522.9520833,493.6920833
11/21/2016,522.84125,526.58375,515.7604167,438.0329167,441.5895833,604.4533333
11/22/2016,579.0666667,583.0677083,569.6525,500.5904167,506.3166667,683.8
11/23/2016,625.325,631.2214583,613.9077083,625.2879167,634.5216667,717.9925
11/24/2016,606.5375,610.6789583,605.5604167,555.5345833,562.9120833,714.7595833
11/25/2016,561.6420833,566.5270833,560.2108333,545.26875,565.4383333,672.4645833
11/26/2016,526.7408333,531.0577083,517.0433333,550.3275,571.7641667,616.1833333
11/27/2016,427.975,431.1808333,422.635,509.0154167,523.6025,506.2258333
11/28/2016,726.8516667,733.370625,709.61125,537.4854167,557.18125,1038.041667
11/29/2016,602.4910417,611.3927083,593.5258333,601.8358333,627.015,1079.192917
11/30/2016,474.3379167,479.66,469.6020833,689.6558333,716.6020833,967.8145833
12/1/2016,399.5383333,401.1764583,387.1341667,574.8629167,593.5745833,942.4825
12/2/2016,524.0920833,524.7979167,516.4333333,686.6408333,710.0666667,906.1504167
12/3/2016,516.8608333,522.2097917,499.1966667,562.6554167,579.9083333,927.2129167
12/4/2016,453.4008333,456.9575,446.795,535.3808333,547.3554167,687.9683333
12/5/2016,608.6804167,613.5570833,584.6608333,716.8454167,738.9720833,996.9645833
12/6/2016,373.7945833,379.551875,358.3475,601.0841667,621.39625,1284.710833
12/7/2016,516.6154167,521.6808333,499.13125,766.4716667,794.4904167,1211.817083
12/8/2016,591.24,607.1470833,573.2675,825.5395833,856.7558333,1068.894583
12/9/2016,629.3354167,635.2189583,618.9145833,892.4908333,922.8920833,934.5858333
12/10/2016,543.93375,549.4872917,536.1566667,603.14,620.8833333,781.3595833
12/11/2016,408.055,412.4008333,396.6908333,596.9,612.9633333,762.2970833
12/12/2016,527.3591667,532.896875,512.74,834.14375,857.6891667,757.3716667
12/13/2016,510.8066667,517.4116667,511.3045833,712.6295833,729.7604167,931.8245833
12/14/2016,452.5366667,457.9564583,449.0283333,739.4716667,764.8433333,987.0670833
12/15/2016,497.68125,511.301875,493.0466667,615.0041667,625.5266667,1003.28375
12/16/2016,491.7127083,497.1220833,491.1741667,564.1270833,582.3170833,975.0120833
12/17/2016,501.0329167,506.319375,502.1725,616.53125,634.0675,1019.079167
12/18/2016,526.82375,530.4629167,518.7833333,540.1770833,553.52125,860.2766667
12/19/2016,527.5925,529.6889583,493.32375,706.4183333,720.815,936.4054167
12/20/2016,483.3358333,485.824375,461.9666667,770.6179167,785.0529167,951.1395833
12/21/2016,547.7616667,554.0916667,528.28625,678.9091667,690.8083333,773.6625
12/22/2016,484.2604167,489.4135417,475.9429167,561.5016667,574.5970833,804.4791667
12/23/2016,537.8366667,549.3935417,518.31625,631.1366667,655.8458333,866.10625
12/24/2016,537.50625,541.0795833,537.015,536.6125,553.0058333,689.9770833
12/25/2016,525.1304167,536.6322917,545.2195833,528.5079167,548.75,686.8375
12/26/2016,518.6775,522.9420833,528.5320833,548.24,563.9525,917.215
12/27/2016,705.7354167,711.0020833,722.3716667,572.6804167,578.1908333,896.9845833
12/28/2016,497.7885417,501.385625,496.9691667,600.6058333,623.3629167,831.8929167
12/29/2016,511.3845833,514.66375,513.1629167,598.7916667,615.2883333,786.7016667
12/30/2016,462.20125,464.683125,468.615,554.7775,568.8408333,721.0279167
12/31/2016,463.6641667,464.9347917,481.2791667,596.7454167,611.6020833,829.6925
1/1/2017,550.0095833,559.2316667,575.1725,539.2766667,549.8879167,774.7954167
1/2/2017,537.9091667,541.9333333,550.3658333,573.5020833,590.5808333,1111.4225
1/3/2017,518.10125,520.906875,518.2825,674.7504167,696.7804167,967.8683333
1/4/2017,503.3358333,505.5810417,503.19125,700.4895833,726.4441667,887.9854167
1/5/2017,505.8075,508.6208333,499.4308333,798.8233333,831.1508333,1055.282917
1/6/2017,630.7829167,638.9820833,604.28625,701.56125,733.5716667,1509.661667
1/7/2017,552.3670833,556.1635417,554.4720833,584.8520833,592.6433333,803.21625
1/8/2017,501.60125,505.1402083,517.2695833,565.7925,583.15625,669.55875
1/9/2017,531.39625,537.9129167,531.72625,581.93875,592.2158333,884.4258333
1/10/2017,556.1425,562.5366667,534.0220833,579.7791667,586.2883333,859.99375
1/11/2017,533.35,536.1845833,533.85125,610.1833333,618.5991667,893.2825
1/12/2017,552.79,553.1625,524.9704167,597.0095833,612.4091667,983.7108333
1/13/2017,488.8529167,494.631875,472.9754167,631.74875,653.9554167,835.73875
1/14/2017,538.0825,542.65875,522.5275,609.5595833,630.51875,737.0495833
1/15/2017,562.8783333,566.4166667,571.62,624.4591667,632.39875,674.28625
1/16/2017,856.3766667,864.3802083,874.5808333,812.48625,827.9833333,1341.449583
1/17/2017,735.0616667,744.3925,784.5004167,693.6641667,715.36875,1387.340417
1/18/2017,618.8208333,621.0416667,606.90625,722.5516667,750.5525,1402.880417
1/19/2017,660.493125,675.343125,654.1383333,650.29625,661.14125,1609.879167
1/20/2017,740.70625,744.8885417,723.0260417,856.3070833,890.31125,1563.68125
1/21/2017,645.6083333,650.0233333,652.37625,578.4154167,600.1695833,1241.895417
1/22/2017,543.05,545.4247917,553.9022917,567.3570833,580.6595833,785.4716667
1/23/2017,567.6758333,573.846875,546.0316667,743.8904167,775.1445833,1208.428333
1/24/2017,521.7329167,527.125,495.3958333,712.83875,742.4654167,1354.445
1/25/2017,559.20125,565.8560417,518.0154167,700.5120833,730.0433333,1450.44125
1/26/2017,617.9279167,625.5658333,595.8204167,869.1604167,904.7504167,1115.26
1/27/2017,488.95125,493.3104167,470.8958333,841.3070833,878.2020833,1118.342917
1/28/2017,507.8279167,512.0972917,514.2554167,635.03625,657.3775,929.7808333
1/29/2017,518.725,521.8502083,525.3954167,584.4083333,597.49375,753.71
1/30/2017,601.0529167,606.145,590.1066667,811.89125,842.0554167,920.3133333
1/31/2017,579.63,584.636875,550.7970833,696.66125,726.205,1080.975833
2/1/2017,553.76625,560.516875,524.73375,509.585,521.1216667,1185.712083
2/2/2017,539.2179167,543.6683333,511.4095833,473.4104167,484.8645833,1164.090417
2/3/2017,599.7008333,605.6475,571.6229167,448.0758333,458.71625,1206.000833
2/4/2017,628.0845833,631.4339583,652.0995833,493.1895833,510.90875,838.3983333
2/5/2017,447.5091667,450.0477083,453.9958333,431.3225,444.1820833,567.9820833
2/6/2017,531.60125,536.2904167,511.07625,442.435,456.4416667,670.6654167
2/7/2017,837.17375,847.380625,824.94125,453.9379167,467.4566667,1482.399583
2/8/2017,749.4904167,757.3027083,749.4247917,594.8175,617.6295833,1608.904583
2/9/2017,730.3997917,735.6447917,733.2204167,551.0441667,571.09875,1092.5375
2/10/2017,753.01375,760.3804167,752.3758333,487.9870833,499.17875,1045.2425
2/11/2017,578.0879167,583.4477083,573.8641667,517.52625,531.8679167,770.7495833
2/12/2017,535.4804167,539.7308333,538.2875,431.6129167,444.4075,677.9166667
2/13/2017,631.81,638.14875,622.9983333,442.98125,456.3454167,914.94
2/14/2017,619.9,627.0364583,601.1820833,442.4595833,454.50375,960.0325
2/15/2017,490.9379167,496.2335417,448.0179167,519.0979167,537.56875,1236.419583
2/16/2017,520.9958333,525.6904167,496.1675,447.9683333,464.1783333,831.3816667
2/17/2017,1113.719583,1125.140208,1110.017083,449.485,463.5570833,1515.46125
2/18/2017,592.0891667,598.35875,564.8872917,452.96625,474.3795833,831.4216667
2/19/2017,446.0791667,449.486875,436.2504167,419.8783333,433.0875,590.40625
2/20/2017,622.8616667,629.1260417,600.5570833,426.5333333,441.97125,922.7170833
2/21/2017,521.6608333,526.0166667,490.9566667,420.7654167,436.7375,868.8395833
2/22/2017,685.3033333,691.2089583,669.04,463.1679167,479.9525,843.72125
2/23/2017,639.966875,646.5352083,609.0129167,409.45125,422.2616667,949.3375
2/24/2017,901.5558333,909.551875,887.2916667,391.6925,400.2770833,1125.038333
2/25/2017,737.055,743.91875,727.09625,402.9745833,416.78,965.0391667
2/26/2017,494.8983333,498.9214583,489.43375,376.9941667,385.8829167,615.6654167
2/27/2017,724.1764583,731.343125,719.1941667,512.2070833,530.9358333,1092.435833
2/28/2017,847.99,859.361875,834.6447917,535.73625,556.3266667,1421.36375
3/1/2017,998.8775,984.0002083,639.99,442.3433333,455.2775,1694.05875
3/2/2017,695.891875,701.573125,677.4529167,401.8354167,410.7754167,900.2791667
3/3/2017,473.4708333,512.7022917,492.6047917,546.6370833,565.7929167,707.9266667
3/4/2017,524.9916667,525.72375,523.9395833,453.68125,469.1366667,572.0429167
3/5/2017,422.354375,425.31875,424.5272917,417.87,429.1304167,526.0391667
3/6/2017,651.5077083,658.6339583,659.7791667,424.4208333,435.7554167,763.495
3/7/2017,911.705,922.14625,935.4460417,434.6633333,445.1616667,1172.578333
3/8/2017,680.3133333,737.9327083,726.0652083,556.1258333,576.7375,944.4791667
3/9/2017,539.9579167,733.7208333,716.4008333,461.0720833,473.6683333,980.3508333
3/10/2017,696.2935417,704.2039583,689.5577083,448.16625,460.9191667,986.0670833
3/11/2017,598.61375,602.3177083,590.1133333,539.0554167,557.34875,1001.562917
3/12/2017,523.34,527.4154167,525.2666667,460.8321739,473.3204348,857.945
3/13/2017,677.2114583,683.7841667,646.235625,596.3675,606.5008333,847.2070833
3/14/2017,605.3458333,611.821875,594.8475,568.14875,574.9729167,805.365
3/15/2017,656.2045833,661.1341667,646.8125,604.93375,609.6516667,935.0016667
3/16/2017,579.7316667,586.056875,558.218125,583.5075,587.31375,818.5095833
3/17/2017,713.5529167,720.6595833,707.8097917,493.5620833,496.7229167,798.6866667
3/18/2017,703.4977083,714.4927083,696.5710417,453.5483333,459.8679167,808.4883333
3/19/2017,445.8354167,450.3270833,427.708125,433.2366667,443.8395833,545.5854167
3/20/2017,490.906875,496.3491667,461.7714583,442.9104167,453.92125,686.0304167
3/21/2017,776.460625,786.37625,741.6535417,431.4879167,445.8866667,1052.006667
3/22/2017,913.0466667,923.0260417,871.5275,444.9279167,455.8604167,1362.559167
3/23/2017,785.5204167,796.20125,727.9385417,558.81125,580.91375,1179.162083
3/24/2017,837.4472917,850.9664583,766.4114583,509.7008333,520.6541667,1549.922917
3/25/2017,527.841875,535.5616667,467.3229167,451.4858333,457.5191667,1307.49125
3/26/2017,501.6079167,508.0954167,478.9054167,440.2891667,451.91875,896.02625
3/27/2017,1314.3125,1328.312708,1322.711875,446.6025,458.9358333,1828.579583
3/28/2017,1258.45,1273.978958,1240.138958,447.9316667,457.30125,1584.692917
3/29/2017,1531.9075,1547.612917,1495.614375,552.9970833,571.865,1969.8775
3/30/2017,1507.884583,1524.690833,1458.744167,451.6245833,465.9120833,2040.01
3/31/2017,954.2158333,964.4333333,899.5922917,455.3754167,465.17625,1246.307917
4/1/2017,741.58125,747.7135417,716.3664583,551.125,565.52125,935.8245833
4/2/2017,544.9286957,550.5667391,540.9443478,457.5204167,469.7483333,670.2443478
4/3/2017,902.5833333,917.1779167,904.113125,454.8875,463.6283333,1280.386667
4/4/2017,1222.683333,1236.182083,1233.354583,454.7658333,463.4483333,1351.354167
4/5/2017,1979.278333,2001.881667,1997.893333,473.3975,483.60625,2200.249583
4/6/2017,1173.519167,1188.335833,1181.843333,524.3695833,534.1341667,1293.1175
4/7/2017,1155.010417,1167.5075,1139.082917,507.1029167,515.13125,1249.735417
4/8/2017,818.5633333,827.47375,813.785,492.7695833,507.415,964.6625
4/9/2017,559.5654167,565.2633333,552.2895833,534.1808333,545.10625,672.68
4/10/2017,826.0791667,836.1058333,806.4325,477.7733333,491.1654167,986.0158333
4/11/2017,819.9133333,832.2658333,793.6191667,480.9725,489.88625,1030.679167
4/12/2017,824.34625,833.4808333,817.5575,470.8320833,478.4729167,947.0916667
4/13/2017,728.9891667,735.0995833,729.845,461.9758333,470.2029167,844.0558333
4/14/2017,709.04625,715.8695833,701.8720833,461.4175,474.8733333,837.0583333
4/15/2017,694.4208333,698.7233333,688.1716667,575.7858333,595.7108333,824.3208333
4/16/2017,747.79625,752.7233333,743.0583333,550.8766667,574.0804167,907.6070833
4/17/2017,1022.599583,1033.235833,1003.492083,465.1316667,482.3695833,1203.67125
4/18/2017,1256.259583,1267.4325,1248.6475,583.0566667,581.7695833,1504.109167
4/19/2017,1088.649583,1101.300833,1072.981667,603.5558333,599.59,1256.855833
4/20/2017,1136.277083,1144.30375,1052.129583,716.15,692.5408333,1254.887917
4/21/2017,1093.169167,1104.621667,1072.948333,718.1595833,695.0979167,1177.682917
4/22/2017,1107.029167,1116.019583,1101.182083,654.8866667,639.8454167,1187.815833
4/23/2017,643.2166667,648.3770833,630.4554167,590.74,582.3408333,704.12125
4/24/2017,914.09625,922.5429167,892.4154167,556.81,557.0954167,1077.06125
4/25/2017,1069.859167,1083.2025,1030.960417,481.705,485.2679167,1195.893333
4/26/2017,1254.17,1271.8925,1236.829167,535.8575,541.3454167,1461.4225
4/27/2017,3095.845,3145.235417,3050.638333,470.40875,476.39125,3469.91125
4/28/2017,1988.477083,2022.1975,1942.672083,475.8141667,484.1583333,2216.056667
4/29/2017,1496.569583,1520.371667,1457.325417,464.5566667,473.9333333,1739.01625
4/30/2017,816.665,828.6433333,802.0416667,512.2666667,525.9466667,991.7195833
5/1/2017,816.6070833,826.9941667,806.3095833,516.81875,533.5966667,921.69875
5/2/2017,982.14875,996.0475,956.49125,620.8379167,629.11625,1098.01
5/3/2017,923.265,935.0591667,902.6591667,584.88125,589.0333333,1039.97875
5/4/2017,910.6891667,924.2079167,903.0195833,544.7041667,544.3133333,1142.145833
5/5/2017,989.24875,1002.402917,990.4183333,606.06,607.9145833,1323.082083
5/6/2017,669.3954167,676.3475,653.7416667,654.7866667,644.1220833,936.7616667
5/7/2017,618.3070833,625.1370833,592.975,462.3770833,479.15,969.0741667
5/8/2017,993.7125,1007.0025,972.8979167,474.7845833,495.06875,1386.094167
5/9/2017,999.5666667,1015.801667,979.30875,466.7979167,488.7879167,1405.699167
5/10/2017,1062.164583,1073.684583,1043.965,549.70875,573.8383333,1414.670417
5/11/2017,970.5616667,984.4804167,965.3366667,483.08125,496.8141667,1248.215833
5/12/2017,1389.912917,1406.077083,1413.682917,493.1858333,502.4133333,1630.326667
5/13/2017,1209.650833,1224.360417,1207.094583,507.3041667,509.8304167,1425.5675
5/14/2017,729.5091667,738.6920833,722.7558333,544.5620833,554.815,899.6254167
5/15/2017,1276.045,1295.236667,1246.914167,524.1908333,595.4520833,1448.858333
5/16/2017,1372.569583,1393.790833,1333.762083,542.6479167,565.76875,1596.763333
5/17/2017,1319.650417,1340.147917,1280.053333,480.6954167,497.965,1497.00875
5/18/2017,1117.168333,1134.492083,1097.8825,468.0654167,480.7545833,1314.282917
5/19/2017,1998.259583,2034.092083,1977.18375,474.45625,484.9575,2771.51
5/20/2017,1749.94625,1776.444583,1687.486667,478.18125,484.2870833,2120.202917
5/21/2017,1136.197083,1154.739583,1105.780417,477.5141667,481.26875,1550.63875
5/22/2017,1215.054167,1236.966667,1173.32875,619.37125,615.96625,1417.391667
5/23/2017,1530.83,1550.99125,1074.774583,650.4541667,639.0954167,1697.477917
5/24/2017,1654.9475,1667.210833,1032.64,878.4066667,868.9891667,1874.669583
5/25/2017,1482.776667,1495.46,930.26875,521.9704167,530.2641667,1619.407917
5/26/2017,2570.047083,2586.77625,1100.26375,492.2895833,507.6566667,3096.260417
5/27/2017,1422.695417,1435.94375,885.2320833,488.2466667,495.62,1736.837083
5/28/2017,1113.237917,1124.544583,1002.189583,483.3208333,485.6608333,1513.649167
5/29/2017,1341.088333,1349.200417,1044.409583,504.1070833,507.77125,1461.589167
5/30/2017,1995.17125,2004.787917,1178.332083,611.2204167,620.4483333,2338.52
5/31/2017,1646.426667,1665.23875,807.34125,461.3870833,472.40875,2318.269583
6/1/2017,1150.085833,1158.79625,705.7616667,483.3829167,492.7125,1459.9625
6/2/2017,1289.44625,1298.6875,948.4120833,530.1725,534.6066667,1434.605
6/3/2017,1185.645,1196.425,856.3575,596.0508333,597.38,1454.050417
6/4/2017,959.65625,963.26625,756.6320833,553.0745833,559.8845833,1130.195833
6/5/2017,1169.875417,1182.96375,1045.019167,633.1529167,636.0879167,1350.414167
6/6/2017,3219.660833,3251.40625,2818.529167,558.655,565.3470833,3451.403333
6/7/2017,2715.278333,2751.265833,2751.59625,632.6379167,637.6608333,2837.155833
6/8/2017,2452.127917,2485.13,2446.600417,647.50125,653.9304167,2430.6675
6/9/2017,1800.52125,1826.558333,1799.610417,639.6441667,645.3820833,1870.467083
6/10/2017,1524.268333,1545.339167,1520.01,537.94625,546.7829167,1623.440417
6/11/2017,897.59125,909.13375,875.6675,501.3733333,514.9025,1014.034583
6/12/2017,1478.3975,1494.640417,1429.79625,479.7570833,492.6179167,1438.650417
6/13/2017,1415.422083,1432.506667,1390.84,587.9070833,601.41625,1458.399167
6/14/2017,1449.976667,1468.477083,1433.99875,549.0816667,555.1354167,1424.424583
6/15/2017,2671.745833,2696.144583,2641.031667,582.5683333,579.5629167,1956.505417
6/16/2017,3819.9375,3861.909167,3725.650417,597.2679167,592.1229167,3314.207917
6/17/2017,3670.097083,3720.02,3648.05125,608.95625,603.1170833,3478.668333
6/18/2017,2118.95125,2149.002083,2126.351667,594.14375,582.4254167,2329.624167
6/19/2017,1818.15875,1847.579583,1839.00625,653.4133333,638.7775,1819.750833
6/20/2017,3509.207917,3556.052917,3519.0225,752.87125,732.0166667,3272.115417
6/21/2017,2113.3875,2143.730417,2105.76,881.6454167,856.6741667,1949.944583
6/22/2017,3619.699167,3658.0775,3554.812917,964.8283333,940.3075,3212.183333
6/23/2017,2888.287083,2924.4275,2868.525417,848.3416667,828.8908333,2725.723333
6/24/2017,1757.338333,1781.749167,1750.60375,711.34625,689.3208333,1886.79
6/25/2017,957.0820833,982.4620833,960.55875,676.3104167,652.8691667,1030.444167
6/26/2017,1088.40125,1100.81,1076.594167,695.00125,674.8641667,1011.324583
6/27/2017,1198.1475,1212.501667,1188.161667,639.76375,622.8645833,1174.326667
6/28/2017,1358.165417,1375.838333,1357.975417,690.505,674.2808333,1397.66625
6/29/2017,2099.012917,2127.23,2091.510417,663.6904167,649.3291667,2102.06625
6/30/2017,1341.132083,1360.702083,1334.96,623.6104167,613.1516667,1416.087917
7/1/2017,1037.702083,1057.835833,1035.367917,679.1883333,673.7008333,1293.803333
7/2/2017,803.7279167,816.66875,818.66125,607.77375,595.2083333,975.57125
7/3/2017,916.04625,930.4875,915.45,608.1329167,596.295,969.9554167
7/4/2017,1020.665417,1038.904167,1028.860833,621.0841667,604.725,1134.51125
7/5/2017,1487.882083,1507.897917,1488.5825,661.795,640.0258333,1435.747917
7/6/2017,1550.224583,1572.444167,1543.96875,1144.570833,1100.7175,1509.447917
7/7/2017,1329.435833,1349.117917,1328.17375,702.6858333,672.3520833,1326.144167
7/8/2017,1262.852917,1281.9575,1257.567917,750.4104167,716.12,1358.148333
7/9/2017,658.2854167,669.915,663.2025,655.6616667,634.4675,783.8108333
7/10/2017,1289.844583,1306.890833,1283.491667,787.5133333,753.3666667,1230.8
7/11/2017,963.2183333,978.0041667,964.2070833,692.7004167,664.7858333,1014.904583
7/12/2017,910.36125,922.25875,921.9458333,725.5491667,695.2741667,972.2675
7/13/2017,1032.7975,1046.0525,1037.216667,744.4704167,715.8145833,1081.360417
7/14/2017,1031.023333,1043.462083,1036.484167,683.4991667,657.9229167,1095.951667
7/15/2017,915.2491667,926.4941667,912.8570833,662.34375,635.3995833,983.8795833
7/16/2017,766.4654167,776.0233333,769.50625,614.4516667,587.9883333,855.96125
7/17/2017,1137.960417,1152.470833,1131.382917,660.7170833,634.5633333,1243.83375
7/18/2017,1185.624583,1202.5475,1193.392083,703.8941667,678.6358333,1285.180417
7/19/2017,1039.43875,1055.5575,1059.34875,653.2158333,629.915,1139.15625
7/20/2017,1032.51,1047.59875,1050.663333,663.1320833,640.0095833,1096.575
7/21/2017,851.7433333,864.0545833,868.2145833,653.8716667,631.02125,917.8266667
7/22/2017,918.3566667,931.5295833,953.2775,639.35,617.0591667,1053.24875
7/23/2017,793.50375,803.8845833,823.2308333,574.87625,558.1591667,954.3
7/24/2017,1057.106667,1072.517083,1084.187083,660.8175,637.0933333,1174.790417
7/25/2017,1103.8925,1121.777083,1125.898333,666.2375,642.1508333,1167.357917
7/26/2017,1180.444167,1197.4075,1180.600833,667.9075,643.725,1123.436667
7/27/2017,1009.6525,1024.954167,997.10625,630.6420833,610.8191667,993.12125
7/28/2017,881.9141667,894.2283333,875.5016667,716.00625,691.2233333,910.9479167
7/29/2017,875.10125,887.97125,860.8841667,641.3495833,618.1329167,960.7316667
7/30/2017,688.8979167,700.6991667,682.54375,588.7308333,570.8754167,792.6345833
7/31/2017,1177.974167,1197.053333,1139.79875,662.6675,637.035,1263.59625
8/1/2017,1189.977083,1210.99625,1155.4525,700.4866667,672.2241667,1300.320833
8/2/2017,1280.27125,1299.2875,1275.496667,762.62,733.83125,1376.26875
8/3/2017,1306.42625,1327.822917,1298.266667,740.8175,712.4816667,1504.12
8/4/2017,1363.270417,1385.629167,1333.39625,755.0995833,722.6908333,1539.632917
8/5/2017,1261.86,1281.236667,1228.809583,649.8479167,628.895,1463.2375
8/6/2017,1006.98875,1023.365417,978.73375,599.40375,582.5058333,1212.240833
8/7/2017,1268.295417,1289.227917,1228.2,715.11625,686.57625,1422.345
8/8/2017,1461.479167,1486.732083,1414.897083,664.04125,640.8416667,1587.040833
8/9/2017,1555.340833,1578,1508.961667,614.86875,592.59625,1668.710417
8/10/2017,1889.656667,1920.61375,1828.4725,634.0595833,610.5058333,2063.663333
8/11/2017,1340.4625,1353.852917,1289.994583,693.965,666.4395833,1521.151667
8/12/2017,1094.245833,1102.172083,1047.3025,628.37125,606.0325,1284.243333
8/13/2017,810.9116667,821.6495833,799.2408333,591.6825,569.2745833,923.9641667
8/14/2017,1378.560417,1391.040833,1333.3625,631.2254167,615.2941667,1368.867917
8/15/2017,1881.929583,1893.990417,1822.769583,558.8925,545.7816667,2053.884583
8/16/2017,1761.304583,1769.830417,1683.58375,570.6916667,560.2904167,1886.867083
8/17/2017,1316.98625,1323.421667,1262.3475,563.94375,551.24625,1416.042917
8/18/2017,1325.254167,1332.980833,1272.308333,593.12125,576.3045833,1408.164167
8/19/2017,1165.708333,1179.384167,1121.150417,584.0275,566.2858333,1279.22625
8/20/2017,794.6029167,803.65375,770.3516667,494.0279167,482.1679167,896.0270833
8/21/2017,1252.776667,1263.136667,1213.335833,597.1366667,582.22375,1311.3525
8/22/2017,1342.19875,1350.431667,1319.74,590.3808333,572.3791667,1483.495
8/23/2017,1748.18,1756.535417,1696.092083,626.3733333,604.5966667,1969.772917
8/24/2017,1615.220833,1622.940417,1554.085417,644.2758333,625.2791667,1898.751667
8/25/2017,1055.817917,1059.4175,981.4758333,616.1541667,598.6679167,1926.822917
8/26/2017,1272.262083,1279.4575,1290.68,654.4920833,627.4779167,1583.67625
8/27/2017,872.7904167,875.6708333,901.7983333,655.0766667,623.7575,1092.79875
8/28/2017,1863.773333,1873.669167,1921.05,1618.75125,1550.82625,2132.10625
8/29/2017,1864.183333,1873.1675,1899.299583,2103.527083,2001.28125,2092.469583
8/30/2017,2320.996667,2329.102083,2357.635,1811.426667,1719.417917,2686.225833
8/31/2017,1704.598333,1708.560833,1756.299167,1970.681667,1876.096667,1828.256667
9/1/2017,1445.490833,1448.569583,1468.639167,1692.440417,1618.724167,1557.134583
9/2/2017,1014.455417,1019.682917,1014.128333,821.3579167,796.51625,1105.292083
9/3/2017,643.2429167,650.405,648.1058333,596.7025,591.0954167,740.8066667
9/4/2017,1028.055833,1036.0075,1037.587917,794.0354167,774.7716667,1145.833333
9/5/2017,738.94625,743.0770833,742.5970833,776.8670833,749.41125,952.6491667
9/6/2017,668.2375,681.8591667,673.6075,796.0158333,766.7566667,1036.296667
9/7/2017,568.2179167,583.3770833,585.6570833,671.1841667,658.2954167,975.5316667
9/8/2017,651.47375,662.7091667,645.8575,626.9579167,616.9808333,898.6779167
9/9/2017,650.9958333,659.8745833,635.5504167,631.2195833,635.0025,881.63875
9/10/2017,610.3033333,616.6070833,587.29375,572.5466667,572.7016667,724.1958333
9/11/2017,638.2320833,648.8654167,629.7595833,771.5708333,762.2925,903.5454167
9/12/2017,980.2258333,988.1904167,958.0241667,594.7545833,581.8916667,1187.672917
9/13/2017,1042.000833,1048.887917,1029.701667,565.0066667,556.7004167,1226.623333
9/14/2017,951.46,956.6929167,944.4508333,487.24625,497.07875,1172.22375
9/15/2017,968.3116667,977.1291667,951.8258333,476.5904167,490.1141667,1140.144583
9/16/2017,665.0325,675.7904167,673.35125,527.02,548.1733333,957.2104167
9/17/2017,781.04625,792.2291667,793.53375,471.0591667,483.7233333,1093.919167
9/18/2017,1015.827917,1023.305,1037.728333,463.7775,475.8745833,1329.6525
9/19/2017,1085.2325,1090.186667,1090.444583,432.94125,438.715,1244.802083
9/20/2017,1120.025,1126.305417,1131.467917,543.5625,556.20625,1343.596667
9/21/2017,1312.910417,1320.806667,1311.1125,469.9741667,482.8958333,1553.904583
9/22/2017,1052.002083,1058.52625,1044.93125,431.39875,447.37125,1305.0025
9/23/2017,740.71875,747.6525,743.8854167,509.3845833,528.62125,1114.1975
9/24/2017,681.8645833,691.645,668.4916667,424.6454167,440.8579167,918.7220833
9/25/2017,1011.561667,1024.830833,1003.4625,436.18625,449.3154167,1369.415
9/26/2017,1013.702083,1018.5875,996.6729167,418.9033333,434.0833333,1143.28
9/27/2017,794.7475,797.73375,780.99125,415.8208333,434.1108333,902.77625
9/28/2017,1080.437083,1088.198333,1049.44125,437.5495833,454.7345833,1162.369167
9/29/2017,846.0266667,849.9595833,816.7670833,433.6654167,453.0566667,930.1729167
9/30/2017,755.96875,764.3566667,726.2083333,542.1970833,555.7270833,816.01625
10/1/2017,725.6633333,730.6320833,701.6104167,447.1229167,458.3466667,849.59625
10/2/2017,1025.815417,1028.593333,998.4420833,520.13875,542.5858333,1146.098333
10/3/2017,823.6945833,827.3691667,804.73625,509.5366667,533.7195833,924.0991667
10/4/2017,1099.69375,1105.197917,1080.95875,537.5029167,564.3391667,1299.46125
10/5/2017,1064.770417,1069.957917,1039.315833,516.4108333,536.3429167,1314.960417
10/6/2017,1149.825,1153.047083,1077.137083,477.4741667,509.8470833,1334.573333
10/7/2017,903.33125,912.5604167,907.4183333,491.8683333,506.7783333,1325.792917
10/8/2017,704.2291667,710.2275,693.0870833,561.7958333,566.0916667,969.22125
10/9/2017,1154.282917,1162.835417,1118.61375,547.0141667,554.0041667,1349.080417
10/10/2017,1369.345,1329.47375,754.0970833,624.7870833,637.7870833,1593.517083
10/11/2017,1192.924167,1180.56625,935.32875,583.0504167,595.1816667,1413.16875
10/12/2017,1165.057083,1144.402083,827.165,569.92875,581.7904167,1328.910417
10/13/2017,1179.678333,1182.5375,1157.769167,533.3016667,544.5595833,1453.597917
10/14/2017,1059.36625,1065.397917,1049.126667,581.3695833,596.0741667,1304.702917
10/15/2017,663.9525,668.1504167,663.4366667,485.785,498.9516667,951.85625
10/16/2017,893.9125,898.72375,867.4658333,556.9541667,568.8691667,1238.325
10/17/2017,1011.785,1014.040833,993.36125,556.19875,567.7925,1407.05875
10/18/2017,803.3366667,787.9275,584.67125,642.6629167,657.7216667,1526.622917
10/19/2017,928.325,925.4954167,902.8804167,607.9220833,622.3095833,1354.324167
10/20/2017,987.5204167,987.2908333,969.30875,693.6220833,718.57375,1463.6075
10/21/2017,822.6766667,823.1175,801.3408333,665.9595833,688.3195833,1180.8725
10/22/2017,663.6145833,665.6816667,654.68875,564.05375,579.7783333,874.955
10/23/2017,1110.639167,1110.558333,1100.036667,685.8858333,706.9483333,1378.039167
10/24/2017,800.7858333,802.21375,764.51625,888.1929167,912.1108333,1209.27875
10/25/2017,1179.409167,1181.283333,1146.069583,1104.690833,1129.193333,1401.390833
10/26/2017,884.77125,883.0120833,822.27625,935.12875,954.1516667,1136.80625
10/27/2017,896.73375,897.45,871.2041667,882.7166667,903.9745833,1385.452917
10/28/2017,959.2725,963.5641667,933.1216667,649.7183333,676.57625,1172.867917
10/29/2017,639.8076,644.1456,629.4252,680.0945833,718.5254167,856.2016
10/30/2017,938.22625,938.4929167,882.5558333,657.1358333,686.5491667,1217.695
10/31/2017,1013.385833,1013.40125,991.6366667,482.2870833,508.8733333,1425.244583
11/1/2017,1116.412917,1117.756667,1080.2625,486.92625,509.58625,1428.172083
11/2/2017,827.2083333,826.7270833,793.2195833,584.5933333,626.0854167,1095.587083
11/3/2017,1249.242917,1252.53875,1231.58875,511.1729167,545.9054167,1517.8525
11/4/2017,945.34125,949.5295833,914.1725,516.5558333,543.96625,1111.309583
11/5/2017,713.8,718.7329167,693.8091667,512.3352,528.1692,908.4529167
11/6/2017,1239.06,1247.652917,1220.530833,435.8466667,458.9525,1551.3775
11/7/2017,1848.74125,1878.569167,1829.508333,432.045,456.22625,2233.4475
11/8/2017,1912.515,1941.797083,1852.239583,539.60875,570.1433333,2157.63375
11/9/2017,1096.759167,1114.224583,1054.967917,569.355,592.29875,1591.565417
11/10/2017,1101.817083,1110.739167,1069.259167,483.505,504.5820833,1511.128333
11/11/2017,815.1508333,793.0104167,522.8358333,363.3833333,371.7870833,1085.5125
11/12/2017,584.4895833,589.4429167,562.9670833,695.6195833,679.5341667,804.5904167
11/13/2017,966.9683333,969.4929167,948.32875,737.1529167,716.1470833,1325.9025
11/14/2017,1105.770833,1114.396667,1073.202917,803.5658333,777.8358333,1519.434583
11/15/2017,1056.58875,1059.072083,1013.636667,839.3091667,811.4245833,1510.415833
11/16/2017,1379.0975,1387.1375,1345.442917,877.5875,852.455,1663.49
11/17/2017,1487.405833,1494.59375,1438.134167,812.0066667,793.295,1814.1625
11/18/2017,1088.061667,1089.89125,1028.50875,415.7716667,437.52625,1477.0675
11/19/2017,619.2858333,623.3191667,584.2895833,308.8358333,322.7866667,912.265
11/20/2017,608.9470833,615.8391667,577.97625,307.7691667,321.325,854.6241667
11/21/2017,1140.069167,1140.645833,1097.8125,400.045,416.5266667,1411.575
11/22/2017,738.785,737.8754167,643.69625,425.11125,441.1670833,1501.659167
11/23/2017,928.8291667,929.3179167,878.3216667,574.2095833,598.3979167,1253.983333
11/24/2017,1335.168333,1334.136667,1295.820833,400.1216667,420.4004167,1674.1625
11/25/2017,1150.704583,1149.49875,1120.5125,347.5816667,365.3858333,1433.191667
11/26/2017,727.4345833,732.4525,713.0233333,268.45125,280.355,859.5979167
11/27/2017,987.2325,987.8716667,952.4675,359.4091667,383.36875,1124.028333
11/28/2017,998.5829167,997.4791667,962.7729167,407.6566667,432.9408333,1137.127917
11/29/2017,1258.040417,1255.862917,1219.68125,455.5295833,480.1558333,1404.496667
11/30/2017,1139.732083,1138.64125,1103.69625,477.0104167,501.6254167,1285.05875
12/1/2017,1437.708333,1436.497083,1390.398333,478.5820833,503.2129167,1590.17
12/2/2017,1338.574167,1336.179583,1297.162917,369.20875,387.0729167,1480.7325
12/3/2017,707.6895833,706.5516667,677.68625,284.1354167,294.7516667,813.7533333
12/4/2017,1106.1275,1105.130833,1059.89875,438.7833333,471.56125,1267.566667
12/5/2017,1538.16,1537.975417,1507.472917,464.49375,490.5879167,1795.99875
12/6/2017,975.7766667,974.8295833,932.0291667,460.64,485.1029167,1219.129167
12/7/2017,1104.127083,1103.5825,1089.799583,582.98,622.23625,1383.344583
12/8/2017,1002.647083,1004.345,988.0229167,521.9466667,546.13625,1226.830833
12/9/2017,957.0720833,966.3745833,951.2970833,399.97375,417.6845833,1086.145
12/10/2017,596.1341667,603.8279167,588.2733333,342.6354167,357.5066667,682.9370833
12/11/2017,828.8245833,831.3979167,815.5441667,451.4975,482.3020833,925.2875
12/12/2017,658.0233333,658.96625,641.1370833,437.8825,466.7833333,716.96625
12/13/2017,984.6366667,987.2566667,956.7054167,457.3104167,484.8275,1077.74125
12/14/2017,906.19125,908.8704167,854.8670833,515.4191667,542.4295833,1218.0175
12/15/2017,705.9954167,705.5979167,601.8641667,465.6608333,486.6395833,1486.069167
12/16/2017,646.4245833,650.8920833,617.0070833,370.79875,389.3283333,758.73625
12/17/2017,556.8166667,562.5708333,533.0658333,366.6866667,446.0566667,662.5533333
12/18/2017,947.1895833,950.5079167,926.1483333,339.9416667,360.9033333,1105.46875
12/19/2017,1024.849167,1029.635,984.9433333,427.04375,451.49875,1206.495833
12/20/2017,929.8633333,934.58375,857.7345833,422.6833333,445.6083333,1321.600417
12/21/2017,914.1891667,916.355,869.08625,487.98125,514.6104167,1120.6275
12/22/2017,882.1754167,883.5641667,806.695,510.7704167,538.8970833,1315.93875
12/23/2017,700.5589583,706.240625,662.48875,376.1720833,390.7683333,874.9804167
12/24/2017,509.3866667,512.873125,489.6625,317.0775,328.38375,639.7695833
12/25/2017,592.5120833,601.17375,575.5483333,612.0616667,624.745,641.8520833
12/26/2017,816.1216667,821.0535417,790.3891667,502.0270833,516.7020833,963.87875
12/27/2017,905.3216667,910.533125,875.76875,450.4225,464.9579167,1034.926667
12/28/2017,883.0433333,888.61125,858.6458333,408.5291667,421.7995833,1012.410833
12/29/2017,697.7264583,700.2152083,682.3795833,425.7675,438.5291667,883.1525
12/30/2017,657.2639583,665.2547917,619.3235417,400.4325,410.1841667,905.5641667
12/31/2017,582.4108333,588.0866667,558.4277083,413.6070833,425.5383333,723.7
1/1/2018,715.5775,726.3629167,706.3225,497.4570833,509.1454167,658.2020833
1/2/2018,1046.130625,1055.176875,1040.719167,501.4533333,514.8270833,1035.915833
1/3/2018,1257.663542,1274.951458,1248.340417,567.5225,591.91625,1507.17375
1/4/2018,1234.24625,1247.9225,1218.632292,915.4204167,939.21875,1461.110833
1/5/2018,1298.170208,1163.911042,1272.152708,780.5120833,819.5525,1516.12
1/6/2018,772.2308333,779.6664583,767.73625,579.1191667,606.4041667,926.5770833
1/7/2018,558.55375,562.5454167,551.4514583,338.0954167,353.6833333,673.045
1/8/2018,683.8075,686.851875,651.3375,389.7395833,453.45125,1055.242917
1/9/2018,639.3110417,631.484375,632.7522917,423.0333333,458.4795833,870.66
1/10/2018,676.0329167,674.6260417,612.6108333,267.6833333,314.41375,1365.851667
1/11/2018,981.060625,982.2285417,923.2045833,400.71375,417.1329167,1509.41625
1/12/2018,616.5704167,618.5152083,566.6895833,308.1279167,327.5704167,961.6270833
1/13/2018,615.5902083,621.2233333,577.8854167,436.7579167,454.82625,891.4379167
1/14/2018,571.5941667,577.6845833,552.37125,251.4129167,263.82375,692.3695833
1/15/2018,653.0777083,659.7475,603.5083333,388.2729167,403.14125,1016.46125
1/16/2018,979.4620833,992.7997917,943.4704167,620.5641667,642.89875,1102.905833
1/17/2018,1064.603333,1259.524167,1135.189167,582.0629167,601.94875,1155.203333
1/18/2018,1328.8725,1355.656667,1311.012917,585.6008333,600.2404167,1429.88625
1/19/2018,1364.171458,1263.686667,1323.910833,610.27875,630.5320833,1493.674167
1/20/2018,678.7079167,680.8375,646.70375,561.3820833,581.1695833,839.6608333
1/21/2018,547.2945833,553.1764583,529.8875,388.1833333,402.30125,637.1041667
1/22/2018,711.41,718.6995833,658.0020833,370.75125,382.41875,1135.674583
1/23/2018,716.0429167,724.7608333,661.9329167,382.5583333,394.9091667,1299.05375
1/24/2018,993.55375,1006.724375,937.1029167,627.1445833,649.8279167,1384.880417
1/25/2018,1118.616458,993.770625,694.7083333,533.7979167,555.63875,1404.047083
1/26/2018,895.175625,824.89,535.5033333,479.8570833,497.05375,1471.176667
1/27/2018,826.4825,819.1725,594.395,68.42666667,70.08833333,1052.8725
1/28/2018,596.1908333,603.52875,584.4075,532.3729167,551.7295833,729.71125
1/29/2018,768.0004167,776.335625,713.7983333,484.5845833,501.6891667,1399.47875
1/30/2018,909.5614583,917.8860417,834.2795833,502.6370833,519.7675,1805.636667
1/31/2018,757.0795833,759.509375,724.0091667,560.7720833,578.3854167,999.6670833
2/1/2018,936.96375,905.293125,880.0345833,501.3945833,516.9466667,1519.480417
2/2/2018,1080.322708,1018.873333,1059.062083,459.535,475.38375,1341.159583
2/3/2018,992.1491667,945.37375,963.2054167,383.5566667,397.52375,1260.659167
2/4/2018,694.1735417,698.7735417,681.6333333,362.31625,378.0945833,874.2108333
2/5/2018,731.8472917,732.9322917,702.9079167,391.2525,409.0620833,945.2020833
2/6/2018,994.9829167,981.0908333,1013.01375,333.0779167,343.3358333,1506.677083
2/7/2018,1263.54875,1209.535208,1004.937917,411.2845833,425.2316667,1655.11875
2/8/2018,1233.959792,1235.016458,1176.719167,387.9445833,401.0158333,1426.816667
2/9/2018,1143.159792,1078.437917,956.5175,357.3208333,369.4158333,1384.344583
2/10/2018,938.4202083,903.9454167,891.6470833,165.2125,172.82875,1322.99125
2/11/2018,1036.32625,1050.551667,991.6341667,192.2366667,198.87875,1254.672917
2/12/2018,965.5033333,952.0252083,883.3670833,301.0225,311.2604167,1321.129167
2/13/2018,993.9345833,992.959375,1012.245833,412.4170833,434.0183333,1477.404167
2/14/2018,1153.763958,1055.254792,1198.20125,432.73875,455.2083333,1436.159167
2/15/2018,1008.599167,973.8258333,984.6316667,421.9541667,444.8483333,1337.3975
2/16/2018,1060.960625,990.186875,1120.192083,399.1270833,420.4625,1434.5525
2/17/2018,995.3902083,889.07875,1023.445417,279.9116667,293.5183333,1172.897083
2/18/2018,754.5339583,727.54625,691.14625,445.7341667,465.8558333,872.2758333
2/19/2018,1404.540417,1034.333333,1373.16,354.1333333,373.7520833,1550.227917
2/20/2018,1203.116458,1160.214583,1463.94,410.1895833,433.41,1772.463333
2/21/2018,1120.866458,1103.007292,1158.491667,430.6970833,452.6233333,1685.013333
2/22/2018,1002.529792,991.358125,932.4304167,749.8391667,790.5120833,1277.482083
2/23/2018,874.4322917,847.509375,915.0741667,617.6425,653.58625,1067.670833
2/24/2018,890.635,870.469375,863.3504167,263.5133333,276.8883333,1222.909583
2/25/2018,617.5060417,617.9025,632.5295833,177.03,184.5520833,797.6179167
2/26/2018,910.29,887.160625,987.92125,360.3983333,382.4225,1193.715
2/27/2018,744.8872917,725.6770833,749.6233333,418.3666667,442.4266667,930.73125
2/28/2018,797.9066667,745.7772917,802.1295833,372.1,391.9058333,1139.202917
3/1/2018,708.5989583,707.0879167,706.3491667,390.82375,412.6504167,990.1670833
3/2/2018,834.8972917,819.6516667,868.5258333,374.9333333,395.3945833,966.16375
3/3/2018,718.765625,709.1279167,721.0004167,447.14,464.70875,844.595
3/4/2018,565.903125,567.50375,557.7433333,536.7583333,557.7308333,693.6529167
3/5/2018,1049.697917,929.19875,1045.069167,379.045,403.7816667,1222.360417
3/6/2018,1218.606875,1233.212083,1492.6825,386.0054167,418.7325,1764.191667
3/7/2018,898.5366667,842.6010417,844.1991667,345.5895833,364.2220833,1054.005417
3/8/2018,969.158125,854.0341667,921.8420833,380.5508333,400.665,1083.389167
3/9/2018,715.255,695.9952083,633.5466667,430.64875,450.765,1432.122917
3/10/2018,1159.213333,965.6958333,1040.311667,309.8179167,323.55375,1636.507083
3/11/2018,806.7133333,795.433125,757.17625,487.5152174,502.94,1011.659583
3/12/2018,929.86875,902.7372917,882.6066667,339.3483333,356.2291667,1164.423333
3/13/2018,920.5977083,923.945,859.5829167,340.1054167,357.6004167,1413.01875
3/14/2018,732.1045833,732.1647917,655.0570833,389.3379167,409.9370833,1444.05
3/15/2018,823.6985417,737.6079167,756.7620833,410.4804167,431.2458333,1396.360417
3/16/2018,1356.985833,1149.473958,1333.241667,393.52125,413.66125,1654.841667
3/17/2018,1092.535,1030.566667,1080.448333,110.4083333,116.5104167,1373.933333
3/18/2018,813.580625,792.29,801.6379167,426.6808333,443.36375,1002.732083
3/19/2018,719.25,714.5277083,705.7504167,318.9658333,331.6591667,886.5191667
3/20/2018,1316.443125,1202.712083,989.3120833,71.6975,81.3775,1794.625
3/21/2018,798.3610417,774.47,785.76875,359.8295833,376.9329167,1164.48375
3/22/2018,729.4835417,695.3104167,683.3104167,352.5104167,368.5358333,1085.468333
3/23/2018,773.2152083,731.3747917,713.94,338.40875,352.87375,1134.674583
3/24/2018,889.0839583,877.931875,861.31,330.39625,344.6733333,1093.625833
3/25/2018,718.4339583,716.8858333,742.1870833,-115.145,-119.64625,1069.455
3/26/2018,1248.998542,1222.942083,879.17375,333.92125,347.7920833,1800.40375
3/27/2018,1333.944792,1307.684167,859.9545833,294.0733333,308.3666667,2100.412083
3/28/2018,1395.89125,1347.628542,950.1504167,240.5429167,249.2170833,2106.2125
3/29/2018,925.8758333,865.16375,946.5504167,247.78875,257.9058333,1116.14
3/30/2018,477.9352083,482.7945833,470.4179167,-148.93625,-148.275,552.14875
3/31/2018,512.9575,519.4416667,502.2441667,305.7304167,319.07375,562.5416667
4/1/2018,462.1278261,468.6334783,452.84,430.1520833,443.1191667,545.2865217
4/2/2018,814.4422917,810.0283333,797.7604167,268.80875,270.1520833,1057.50375
4/3/2018,1217.53125,1162.659375,1327.764167,293.635,297.3629167,1707.850833
4/4/2018,1146.398542,1064.549375,1138.540417,26.82375,28.77791667,1594.58625
4/5/2018,1196.502292,1036.193958,1230.220417,314.53375,323.6295833,1413.02875
4/6/2018,1880.935833,1718.326667,1976.70125,354.9283333,364.18875,2103.54875
4/7/2018,1354.531875,1106.7275,1109.9975,415.8329167,430.2283333,1573.956667
4/8/2018,931.96625,924.4239583,905.6608333,327.8779167,337.1420833,1131.745417
4/9/2018,3378.961667,3423.828542,3407.460833,421.2945833,432.6525,3311.150417
4/10/2018,1751.945417,2665.2575,2626.98625,466.13875,475.0866667,2775.612083
4/11/2018,1156.056458,1499.283958,1463.927083,460.90125,472.8016667,1469.146667
4/12/2018,1234.267083,1577.471667,1550.34125,377.0708333,402.8525,1603.250833
4/13/2018,1811.280833,1832.225833,1779.275,318.8620833,333.5983333,1885.982083
4/14/2018,1189.648542,1576.725417,1533.605833,311.9608333,328.4933333,1728.480417
4/15/2018,657.2325,665.5475,644.3404167,380.3766667,396.0495833,777.63
4/16/2018,638.783125,803.99375,790.4525,283.2191667,296.1641667,897.22875
4/17/2018,791.3297917,832.6125,798.53375,315.01875,323.9733333,877.4845833
4/18/2018,1239.839792,1598.854375,1545.757917,69.66916667,75.59375,1626.847083
4/19/2018,1014.387083,1286.660208,1242.005417,378.80375,396.2066667,1371.473333
4/20/2018,806.1066667,926.5766667,896.2154167,282.1295833,297.6020833,1059.536667
4/21/2018,789.164375,783.365,796.97,190.7291667,198.9466667,1078.96
4/22/2018,818.6789583,825.6122917,802.6254167,-44.61458333,-43.50291667,991.9216667
4/23/2018,863.81625,910.0314583,895.41875,211.22875,215.0520833,1119.479583
4/24/2018,896.8677083,887.8114583,915.6491667,409.2266667,419.4454167,1077.187917
4/25/2018,1027.111042,1087.191042,1116.537917,538.2420833,553.8295833,1533.50875
4/26/2018,1109.652708,1051.45875,1098.077083,451.4504167,463.3233333,1507.640417
4/27/2018,874.141875,871.46125,864.4541667,498.8620833,514.07,1281.058333
4/28/2018,834.3127083,842.6433333,796.6295833,428.62625,444.0595833,979.50625
4/29/2018,626.884375,631.604375,602.5541667,353.09625,364.6058333,890.8566667
4/30/2018,998.11625,931.1122917,941.1266667,303.8491667,314.9775,1400.347083
5/1/2018,796.8591667,786.771875,751.3804167,89.8875,92.55916667,1013.0875
5/2/2018,1591.346458,1318.516667,1174.005417,-104.265,-100.31875,1534.475
5/3/2018,1578.683333,1320.782292,1092.77125,269.8566667,284.5304167,1586.73125
5/4/2018,1125.819375,1037.31,962.0070833,361.6295833,374.1258333,1342.974583
5/5/2018,752.3020833,737.974375,695.0779167,360.0083333,363.43125,912.9745833
5/6/2018,753.1564583,756.78375,731.5695833,257.74,257.2029167,850.2970833
5/7/2018,850.9904167,848.9720833,824.4858333,499.56125,500.1695833,869.5625
5/8/2018,949.3070833,905.84625,867.0183333,896.6864583,892.3816667,957.62625
5/9/2018,752.2991667,769.3727083,765.50375,753.5020833,751.955,1182.49875
5/10/2018,817.538125,816.6583333,815.74875,505.0008333,509.8504167,1075.574167
5/11/2018,1392.065833,1388.575,1423.8625,446.4375,452.5404167,1642.56125
5/12/2018,611.9129167,632.3616667,687.5216667,406.6104167,423.4429167,1526.25875
5/13/2018,1057.791042,1061.430417,1022.583333,130.9583333,135.0120833,1281.435833
5/14/2018,1316.474583,1521.485417,1185.616667,287.8983333,295.815,1718.623333
5/15/2018,2156.549792,2229.942917,2051.09625,353.3366667,365.1591667,2350.096667
5/16/2018,1305.658125,1316.286458,1201.036667,174.3066667,178.0291667,1478.992083
5/17/2018,1951.593542,1847.3275,1806.599583,206.26875,212.8829167,2049.133333
5/18/2018,1822.8475,1774.7325,1630.092917,475.615,482.0245833,2168.849583
5/19/2018,1371.228125,1233.862917,1398.442083,369.0095833,374.1795833,2214.352917
5/20/2018,1187.370417,1173.238125,1125.657083,394.1616667,401.11625,2090.992083
5/21/2018,1607.847708,1516.173958,1594.6725,425.9920833,436.9004167,1938.014583
5/22/2018,1823.18875,1743.370625,1686.83,402.8945833,413.0595833,2167.811667
5/23/2018,1527.915,1517.731875,1437.55125,432.65125,441.2329167,1991.01375
5/24/2018,1606.272083,1645.780625,1710.3025,457.7204167,465.6025,2044.149583
5/25/2018,1981.288125,1785.08875,1690.275417,405.8945833,413.7795833,2229.972083
5/26/2018,2330.603333,2044.02625,1920.086667,366.6629167,371.8391667,2549.343333
5/27/2018,1999.978958,1900.0775,1673.45125,499.0654167,503.1245833,2632.63875
5/28/2018,1721.986458,1631.665833,1673.765417,410.1845833,410.6279167,1904.3075
5/29/2018,2123.028958,2113.976458,1858.602917,318.3154167,317.0220833,2125.49125
5/30/2018,2603.349583,2507.89125,2428.989167,419.4295833,415.88625,2735.648333
5/31/2018,2723.952083,2505.088333,2632.42625,442.8233333,442.7354167,3192.080417
6/1/2018,2136.230625,1898.950208,1926.062083,347.5183333,347.90625,1941.169583
6/2/2018,1742.412917,1602.084375,1684.93625,526.9925,525.055,2121.3025
6/3/2018,1128.081944,1142.804167,1108.8675,646.5791667,645.87,1433.70625
6/4/2018,1426.933333,1385.826042,1427.42,675.9095833,669.3283333,1621.212917
6/5/2018,2337.910208,1777.368125,1842.833333,662.0958333,654.7841667,1945.515
6/6/2018,1854.995417,1727.326667,1674.755833,617.3025,609.6083333,1768.439167
6/7/2018,2255.485,1776.635,1684.357083,600.4454167,597.2120833,1956.8475
6/8/2018,1402.312917,1335.620208,1268.105417,578.6733333,577.6875,1697.710833
6/9/2018,1612.281667,1477.153125,1472.422083,533.1695833,525.0004167,1708.523333
6/10/2018,976.406875,981.113125,961.71,604.6091667,597.7054167,1332.9275
6/11/2018,1212.282708,1136.16375,1148.33375,682.1054167,671.72,1567.50625
6/12/2018,1634.355833,1494.659167,1497.762917,569.9,562.7525,1691.390833
6/13/2018,1526.351042,1421.73375,1337.9025,769.5670833,755.79875,1643.275
6/14/2018,1068.161667,1065.038542,1258.68625,769.9525,756.3170833,1721.418333
6/15/2018,1461.655625,1425.014583,1384.123333,622.65125,619.80375,1668.3125
6/16/2018,1420.623958,1408.695417,1218.113333,498.735,494.1891667,1581.8725
6/17/2018,1025.9925,981.1508333,913.7141667,458.50625,459.9345833,1277.546667
6/18/2018,1191.029792,1125.488542,1077.875417,442.4425,443.8633333,1361.864167
6/19/2018,1417.811667,1364.457917,1224.35625,485.30375,484.4954167,1599.843333
6/20/2018,1358.703542,1277.531667,1271.125417,661.925,654.0604167,1630.60375
6/21/2018,1920.297083,1856.076458,1671.8375,676.8533333,667.2354167,2380.9925
6/22/2018,2797.019375,2617.160417,2218.972917,765.5225,750.935,3738.2025
6/23/2018,2142.378333,1951.850208,1571.67875,640.01375,631.3945833,2914.01375
6/24/2018,1714.718542,1425.420625,1235.719167,289.29875,285.7416667,1966.821667
6/25/2018,2300.954167,2053.72375,1778.16625,607.4066667,598.2345833,3089.345833
6/26/2018,1805.091875,1664.285208,1556.761667,1536.74375,1504.7575,2171.433333
6/27/2018,2114.862708,1999.6275,1773.577083,802.13,791.6875,2810.357917
6/28/2018,2045.762083,1927.7525,1703.884583,904.7045833,892.235,2927.149167
6/29/2018,1930.569167,1733.513958,1526.15,614.99,608.27125,2527.2
6/30/2018,1829.26375,1485.571458,1239.058333,498.51125,490.5758333,2138.213333
7/1/2018,706.455,708.2041667,693.6220833,485.7441667,478.6683333,1171.667083
7/2/2018,1436.917083,1355.888333,1307.195417,688.5725,677.1083333,1809.43875
7/3/2018,1298.950417,1218.982708,1133.291667,790.74625,775.8133333,1601.055
7/4/2018,1157.1125,1080.803333,1000.235833,921.9875,894.2766667,1459.55
7/5/2018,1112.337917,1097.587708,1092.94,834.21875,806.3720833,1656.440417
7/6/2018,1091.591458,1075.523125,1060.156667,4232.933333,4198.389167,1361.54875
7/7/2018,886.7466667,892.6716667,880.705,5306.360833,5203.54875,1154.590417
7/8/2018,553.3479167,561.008125,539.345,2651.285417,2521.515417,644.42625
7/9/2018,853.93625,859.9402083,837.2195833,5638.26375,5434.815,1059.20625
7/10/2018,1178.991667,1177.016042,1119.40375,2358.5875,2280.100833,1282.34
7/11/2018,1115.723542,1111.738333,1068.964583,1734.3375,1685.522083,1212.37125
7/12/2018,1133.436667,1104.069167,1077.599167,1791.86875,1739.997083,1276.730833
7/13/2018,1359.379167,1301.919167,1134.4,1562.247917,1516.01375,1650.28375
7/14/2018,1193.895417,1169.080833,1049.353333,1388.334167,1338.265833,1496.564583
7/15/2018,718.246875,725.5529167,701.285,1871.028333,1820.38125,851.7558333
7/16/2018,1451.445417,1444.308333,1492.11375,1344.322083,1294.705417,1691.294167
7/17/2018,1583.975625,1531.582292,1411.317917,1364.737083,1321.05625,2055.971667
7/18/2018,1903.173958,2009.591667,2887.9925,1583.812083,1536.207083,2362.377917
7/19/2018,2516.151042,2295.472708,3987.500833,1335.050833,1299.697083,3008.122917
7/20/2018,2352.790208,2709.959375,2118.676667,2396.1425,2327.012083,3240.069583
7/21/2018,1645.4275,1972.910417,1786.185,1373.767917,1325.21875,2162.431667
7/22/2018,862.9608333,1765.19125,2625.262917,767.1441667,743.18,985.7333333
7/23/2018,1834.263958,2009.120208,3704.6,4037.15375,3880.738333,2357.464167
7/24/2018,1852.927292,1825.357083,1769.67125,4468.187083,4281.901667,2471.415
7/25/2018,2580.001042,2046.581458,1838.542083,4458.57375,4229.494167,2691.78875
7/26/2018,2295.499583,2180.346875,1793.876667,5354.7525,5127.100833,2989.429167
7/27/2018,1796.417708,1652.277083,1559.21875,3541.914583,3401.126667,2312.969167
7/28/2018,1582.901042,1507.900208,1403.000417,1937.199583,1873.22,2182.297917
7/29/2018,1347.884375,1301.646875,1225.349583,1506.455417,1449.04625,1758.33875
7/30/2018,1880.751458,1720.731458,1613.250417,1787.945,1729.192083,2345.761667
7/31/2018,1932.197292,1883.856042,1483.885833,1983.347083,1931.036667,2731.458333
8/1/2018,1852.561875,1703.653958,1533.697917,2552.122083,2479.782083,2345.449167
8/2/2018,1831.02125,1656.595208,1762.732917,2413.162917,2316.775417,2317.875
8/3/2018,1539.422083,1414.199583,1375.378333,2235.140833,2166.197083,2061.375833
8/4/2018,1775.568542,1439.778542,1332.81625,1954.441667,1880.14375,2204.344583
8/5/2018,1282.551042,1190.790625,1220.972917,2606.099167,2480.791667,1769.33125
8/6/2018,1526.887083,1379.005625,1340.59375,7919.757083,7684.19875,2119.1425
8/7/2018,1719.257708,1559.808125,1379.987083,8424.386667,8189.376667,2084.219583
8/8/2018,1811.509792,1593.926458,1447.578333,7289.196667,6993.09375,2123.856667
8/9/2018,1718.079167,1538.180417,1427.284167,1799.432083,1571.735,2054.639583
8/10/2018,1954.760208,1620.815,1522.350417,6739.80875,6501.925833,2296.8425
8/11/2018,1408.715417,1290.048958,1227.28125,3324.3125,3194.2725,1868.422083
8/12/2018,846.2347917,824.8685417,530.0520833,3107.889583,2981.966667,1106.532917
8/13/2018,1482.442083,1286.508333,1361.509167,3927.9975,3836.929167,1906.334583
8/14/2018,1507.35,1341.915,1326.815,3663.82,3549.313333,2059.2
8/15/2018,1347.986042,1221.507083,1153.667083,2269.195417,2198.000417,2121.15625
8/16/2018,1243.05875,1184.504583,1126.488333,1760.547917,1707.201667,2251.9425
8/17/2018,1413.761667,1356.835208,1289.464583,1580.611667,1491.843333,2339.790833
8/18/2018,1627.194167,1574.117917,1401.922083,1818.6625,1754.60875,2314.4375
8/19/2018,1146.942917,1136.228125,1065.10125,1736.3325,1675.8775,1832.763333
8/20/2018,1832.265417,1792.075625,1478.61875,1715.715,1579.768333,2642.840417
8/21/2018,1699.79625,1665.935625,1271.680417,1750.5325,1671.84125,2361.762917
8/22/2018,2024.047083,1966.196875,1482.309167,1478.142917,1426.621667,2697.073333
8/23/2018,2132.575,1962.037083,1546.366667,1332.361667,1290.980417,3138.707917
8/24/2018,2253.177708,1956.230625,1766.090417,1248.9775,1207.982083,2746.235
8/25/2018,1824.529167,1629.099167,1540.52875,1238.225417,1196.577083,2494.098333
8/26/2018,1603.917292,1402.4625,1334.1875,831.1183333,814.9708333,2011.44625
8/27/2018,2354.205833,1833.899167,2021.720417,901.9983333,885.5258333,2695.498333
8/28/2018,2742.32625,2023.691875,1756.380833,889.9229167,868.1183333,3235.589167
8/29/2018,2275.224792,1768.637708,1608.62625,922.9666667,901.2454167,2869.503333
8/30/2018,2032.246875,1734.625625,1336.233333,933.1079167,909.6270833,2652.737917
8/31/2018,1840.899583,1616.918333,1622.5075,921.0470833,895.9345833,2755.698333
9/1/2018,1808.446042,1524.08375,1449.75375,675.9033333,658.145,2322.8975
9/2/2018,1232.954375,1134.910417,1105.379167,490.0991667,478.7820833,1606.660833
9/3/2018,1616.261458,1517.678125,1601.9175,710.0041667,698.5491667,2423.615833
9/4/2018,1831.611458,1582.235417,1521.101667,591.5379167,584.9808333,2652.183333
9/5/2018,1764.668333,1779.52,,,,
